Number,Name,Country
1,Joshua,US
2,Paul,GB
3,Anne,GB
4,Richard,GB
5,Joshua,GB
6,Yang,US
7,Peter,SK
8,Esteban,US
9,Thomas,CA
10,William,CA
11,Simon,GB
12,WTF4,GB
13,Gerald,US
14,Tim,US
15,Chad,US
16,Beto,BR
17,Simon,GB
18,Keith,US
19,BoltUpright,US
20,Juan,US
21,Nick,US
22,Omer,US
23,Taha,TN
24,Andy,GB
25,Mike,GB
26,Sami,GB
27,Felix,DE
28,Preben,DK
29,Stephan,AT
30,Erik,SE
31,Danielson,SE
32,Darius,LT
33,Ahmed,BH
34,Patrick,DE
35,Fredrik,SE
36,Chris,GB
37,Paul,GB
39,Darren,AU
40,Christopher,GB
41,Alan,GB
42,Jonathan,US
43,Chris,GB
45,Susan,GB
46,Rune,DK
47,Loo,MY
48,Scott,AU
49,Mark,GB
50,Pierre,FR
51,Scribblescribe,US
52,Jakob,DK
53,Maradan,FR
54,Jameson,GB
55,Christian,GB
56,Roberto,ES
57,Evangelos,GR
58,Jon,US
59,Michal,GB
60,Charles,US
61,Marc,GB
62,Adrian,NZ
63,Andrew,GB
64,Brice,GB
65,Aleksi,FI
66,Haggo,DE
67,Peter,AU
68,Andrew,GB
69,Paul,AU
70,Grisha,GB
71,Sean,GB
72,Allard,NL
73,Amanda,GB
74,Jasper,GB
75,Jason,AU
76,Álex,ES
77,Stefano,IT
78,Cameron,AU
79,Nikolas,DE
80,Simon,GB
81,Frederik,DK
82,Brad,US
83,Marc,CA
84,Zebulon,US
85,Jon,GB
87,Wworq,US
88,Christian,DK
89,Michael,AU
91,Taylor,US
92,Daniel,IE
93,Thomas,US
94,Rex,GB
95,Govind,GB
96,Thomas,US
97,Quentin,FR
98,Mark,GB
99,Jakub,GB
101,Vincent,NL
102,David,US
103,Martijn,NL
104,Daniel,ES
105,Stephen,GB
106,Steven,CA
107,Richard,US
108,Tyler,US
109,Kimen,ES
110,Miguel,PT
111,Sam,GB
112,John,US
114,bitmap,US
115,Hugh,CA
116,David,MX
117,Levi,US
118,Matt,US
119,Jerry,US
120,Jamie,GB
121,Sean,US
122,Conrad,US
124,Claes,SE
125,Andrew,US
126,Jani,FI
127,Tom,GB
128,Matthew,US
129,Sebastien,FR
130,Patrick,US
131,20drigo,US
132,Tony,GB
133,Aaron,CA
134,Alan,US
135,Bespite,US
136,Andrew,US
137,Nancy,US
138,Matt,GB
139,Tomi,FI
140,Jonathan,GB
141,Jennifer,US
142,kicklix,DE
143,Hobbes,GB
144,Max,US
145,Calvin,GB
146,Shane,CA
147,Tim,US
148,James,US
149,Hans,DK
150,John,US
151,David,US
152,Wade,US
153,Michael,DE
154,Gregory,CH
155,Chris,GB
156,Peter,IE
157,Paul,GB
158,Willem,GB
160,Rune,DK
161,Brian,US
162,Sean,US
164,Pyroswarm,CA
165,JB,US
166,Dan,US
167,You,US
168,William,US
170,Mollie,AU
171,OlsenAnders,RU
172,Richard,GB
173,Rik,GB
174,Ross,AU
175,Tomáš,CZ
176,Bjørn,NO
177,Leroy,US
178,Irrevenant,AU
179,Michael,NL
180,Zimbad,GB
181,Marc,US
182,Christopher,US
183,Jonathan,US
184,Andre,PT
185,Seth,US
186,Gregory,US
187,Fredrik,SE
188,Pablo,ES
189,Mike,US
190,Robert,US
191,Ben,US
192,Bradley,US
193,Samuel,US
195,John,US
196,Jessie,US
197,Kevin,US
198,Mike,US
199,Wendy,US
200,Joel,AU
201,Luc,BE
202,Marwan,FR
203,Tomáš,SK
205,Martin,AT
206,Mario,ES
207,Devin,US
209,Kevin,GB
210,Zachary,IE
211,Isaac,US
212,Daniel,GB
213,Scott,US
214,Keith,US
215,Adam,US
216,Dominic,US
217,oculist,GB
218,James,GB
220,Rob,US
222,Brandon,US
223,Juan,ES
224,Curt,CA
225,Marco,GB
226,Jani,FI
227,Diogo,PT
228,Benjamin,AR
229,Cometary,US
230,Alan,US
231,Arnaud,BE
232,Robert,GB
233,Michael,US
234,Niels,DE
235,Nicholas,US
236,Aaron,US
238,Sven,SE
239,John,GB
241,SirosSinner,US
242,Vivian,CA
243,Hugo,US
244,Waqas,GB
245,Cass,GB
246,Brian,US
247,Marin,US
248,James,US
249,Yiğit,TR
250,Jack,GB
251,nml.121,TH
252,Kris,US
253,Benjamin,US
254,James,US
255,LyhjeHylje,FI
256,John,US
257,Ryan,US
258,airlemental,US
259,Corry,US
260,Pedro,PT
261,Joe,US
262,Jenny,US
263,justajeffy,CA
264,Sean,GB
265,Magnus,US
266,Dave,US
267,Mark,US
268,9LittleBees,GB
269,Doug,GB
270,Christian,EC
271,John,US
272,Jeremiah,US
273,Caleb,US
274,Lariel,AT
275,Brenix,US
276,Jason,US
277,Nathan,US
278,Tom,GB
279,Dennis,BE
280,Alvaro,CO
281,Josh,CA
282,Robert,GB
283,Artur,PL
284,Hodash,FR
285,Ronnie,DK
286,Lukas,SE
287,KS,US
288,George,US
289,gdjevans,GB
290,Donald,GB
291,Jonathan,US
292,AledDavy,GB
293,Julie,GB
294,Adrian,CH
295,Jeremy,US
296,Jason,US
297,Hilary,GB
298,Sami,FI
299,Riccardo,IT
300,Dan,DK
301,Jacob,US
302,Zachary,US
303,jedundon,US
304,Markus,DE
305,Girish,US
306,Tim,US
307,Daniel,ES
308,Alicia,US
309,Shane,GB
310,Scott,US
311,Jeremy,US
312,Sergio,ES
313,Joe,US
314,Tim,AU
315,Ray,US
316,Danny,US
317,Cam,AU
318,Kaitlyn,US
319,coder1000,US
320,W.,US
321,Peter,US
322,Dene,AU
323,Travis,US
324,Robert,US
325,Sweeny,GB
326,Lee,GB
327,Ixsul,ES
328,Ervin,AU
329,MrTizio,IT
330,Evan,US
332,Anthony,AU
333,haidyll,SG
334,JACK,HK
335,Ron,US
336,Brandon,US
337,Geoff,US
338,Tyler,CA
339,Daniel,AU
340,David,US
341,Elijah,US
342,Andres,US
343,Alain,CA
344,Richard,US
345,Jason,US
346,Shredder,GB
347,Martin,US
348,Jon,US
349,Todd,US
350,Jason,CA
351,Circle,US
352,Stuart,AU
353,Johnathan,US
354,James,US
355,Jason,US
356,Sean,CA
357,Mallock,NZ
358,Nikolay,BG
359,Carlos,US
360,Dan,US
361,Chris,US
362,Anton,FI
363,David,NZ
364,JH,AU
365,rabdt,US
366,Žiga,SI
367,Paul,GB
368,Alistair,GB
369,Vicente,ES
370,David,NO
371,Daniel,GB
372,Lee,GB
374,DerSkuggan,DE
375,Will,GB
376,Simon,IE
377,David,SE
378,Zerotown,NL
379,Phillip,AU
380,Nik,GB
381,Raanan,IL
382,Jeff,US
383,Teunisnl,NL
384,Will,GB
385,Ken,US
386,Mark,GB
387,Jeremy,US
388,JMosher,US
390,Steve,US
391,Visa,FI
392,Mladen,US
394,Joe,US
395,Logan,US
396,Bradley,GB
397,Jeff,US
398,Jesse,US
399,Rich,US
400,Jarrard,AU
401,Mario,US
402,Penley,CA
403,Jack,DK
404,Harry,GB
405,Andreas,BE
406,Joel,GB
407,Lewis,GB
408,David,US
409,Uros,SI
410,Jin,CA
411,Jason,US
413,Wulf,US
414,Jason,US
415,Nikki,GB
416,Stan,US
417,James,US
418,RobG88,US
419,Robert,US
420,Kridsadar,TH
421,Shawn,US
423,Joshua,US
424,Martin,US
425,Paul,SG
426,Jason,AU
427,Steef,NL
428,Valentijn,BE
429,Simon,GB
430,Jeroen,BE
431,Darren,GB
432,Ryan,GB
433,MI,DE
435,Annie,US
436,Puihailure,SG
437,Diego,SE
438,Mark,GB
439,Bryan,US
441,Andrei,RO
442,Daryl,US
443,Russell,US
444,Lewis,GB
445,Jonas,BE
446,Raminski,GB
447,Joey,US
448,Jonathan,GB
449,insanity,GB
450,Daniel,DK
451,Kevin,US
452,Lee,CA
453,Jordan,US
454,Drew,US
455,ChromaticRanger,GB
456,Stephen,US
457,Adam,US
459,Sam,US
462,Eric,US
463,Timothy,US
464,Brad,US
465,Ryan,US
466,Harvey,DE
467,Samuel,AU
468,Michael,CH
469,Ashley,GB
470,Daniel,US
471,Kyle,CA
472,Stefan,DE
473,Jason,US
474,Harold,US
475,Kalle,DE
476,Paul,GB
478,Alex,US
479,Barnes,US
480,Danny,US
481,Kevin,US
482,Sagan,US
483,Matthew,US
484,adiedrichsen,US
485,Isaac,AU
486,Bruno,BR
487,Sibelius,DE
488,Aramir,FR
489,Marcus,US
490,James,US
491,Andres,EE
492,Michael,US
493,Phil,GB
494,Megan,US
495,Krishvanth,IN
496,Einar,NO
497,David,GB
498,Rafael,BR
499,Fred,NL
500,F.Manuel,IT
501,Roy,US
502,Isabelle,US
503,Jeremiah,US
504,Alexander,SE
505,Thomas,AU
506,Manuel,MX
507,James,GB
508,Jörg,DE
509,Richard,SE
510,Owen,US
511,Nathan,CA
512,Abel,US
513,Ric,US
514,François,CA
515,Garrett,US
516,Josh,US
517,Jason,CA
518,Brett,US
519,Nathan,CA
520,Diego,IT
521,Matthew,CA
522,Robert,US
523,Kent,NO
524,mdtommyd,US
525,Jizhou,FI
526,William,US
527,Ryan,CA
528,Yoshi,AU
529,Daniele,GB
530,Alasdair,GB
531,Carlos,ES
532,Tim_the_Unlucky,GB
533,Kim,US
534,Moinuddin,CA
535,Robert,US
536,Bernardo,BR
537,Melanie,US
538,Tiffany,US
539,Paul,GB
540,Tero,FI
541,Jack,GB
542,Chris,GB
543,Boaike,NL
544,Kathy,US
545,wirelessMike,US
546,Jack,US
547,Joshua,US
548,Juan,MX
549,Ubersnug,GB
550,Leonard,US
551,Chris,GB
552,Matthew,GB
553,Thomas,US
554,Chris,US
555,Tiggaa,GB
556,Mike,NL
557,Alan,US
558,Peter,GB
559,Jamie,GB
561,Tim,GB
562,Lucky,NZ
564,Benjamin,US
565,kelby,US
566,BVAC,AU
567,Vince,US
568,Glenn,US
569,Keith,GB
570,Charlie,GB
571,Julien,FR
572,Sham,GB
573,Andrew,US
574,Robert,GB
575,Joshua,US
576,John,PR
578,Valerio,IT
579,Sean,IE
580,Jonathan,US
581,John,IE
582,Wumble,US
583,Alejandro,CO
584,Breakfall,CA
585,Ray,IE
586,Marc,DE
587,crimsaber,US
588,Tim,US
589,Daniel,CA
590,Vinny,CA
591,Jan,NO
592,Nick,GB
593,Arkii,US
594,Andy,GB
596,James,US
597,Jeremy,ZA
598,Steven,GB
599,Winston,CA
600,Peter,IE
601,Adam,GB
602,Dean,US
603,Robert,PL
604,Brian,US
605,Jorge,AR
606,John,US
607,Pam,US
608,Justin,AU
609,Rachel,US
610,Rich,US
611,Martin,GB
612,Jong-won,KR
613,Azhar,MY
614,Stuart,GB
615,Timothy,US
616,Andrew,AU
617,Roberto,SG
618,Matt,US
619,Ty,AU
620,Nicholas,AU
621,Tiago,CA
622,Owen,US
623,Julius,DE
624,Victor,SE
625,Florian,DE
626,Miguel,DK
627,Sam,GB
628,Zizwani,GB
629,Christopher,GB
630,Ellen,DE
631,DJ,SG
632,Ruben,GB
633,Stephen,CH
634,Reynaldo,GB
635,Juliette,AU
636,Morpheus.Tsai,TW
637,Oenning,DE
638,Eric,US
639,Niclas,DK
640,Serge,GB
641,Ashton,AU
642,Rick,US
644,Kyle,US
645,Rasmus,DK
646,Thom,CA
647,Alberto,US
648,David,GB
650,Okily,US
651,Erik,US
652,Kevin,IE
653,Jeff,US
654,Pyropuncher,GB
655,Ryker,US
656,Arnid,US
657,Manuel,GB
658,Michael,DE
659,Andy,GB
660,Ove,SE
661,Tony,GB
662,Drac,CA
663,Chris,US
664,Lee,GB
665,Sebastien,CA
666,Kurt,US
667,Andreas,DE
668,Garrett,US
669,LU,MY
670,Chad,US
671,Jon,US
672,Legend-Dark,SA
673,Paul,GB
674,Alan,IE
675,OzzieMandrill,IT
676,Casey,US
677,Andreas,AU
678,Martin,DE
679,Nelson,CA
680,Francisco,US
681,Ken,US
682,Darren,GB
683,Michael,US
684,Michiel,NL
685,Maxim,RU
686,Bitstream,DE
687,brodiebolt,GB
688,Sean,DK
689,Magnus,DK
690,Aspartza,ES
691,James,US
692,Sonia,US
693,Kenneth,US
694,Andree,US
695,Cat,GB
696,Sandina,US
697,Darren,US
698,Mason,US
699,John,CA
700,Raymond,US
702,Jeremy,US
703,Fabio,BE
704,Chris,GB
705,Julian,DE
706,Vanessa,US
707,Tarik,GB
708,Andrew,GB
709,John,NL
710,Robert,US
711,Robin,GB
712,Jay,US
713,Marko,CH
714,Luke,GB
715,Stephen,US
716,Red,US
717,Kieron,GB
718,Brian,US
719,Lucy,GB
720,Brian,US
721,Eoin,IE
722,Aquiles,MX
723,Manish,IN
724,Tolja,CZ
725,Shaun,US
726,Ryan,US
727,Joe,US
728,NS,AU
730,Francisco,ES
731,Liam,US
732,Xristoforos,GR
733,James,US
734,Ken,US
735,William,US
736,Trent,AU
737,Steve,GB
738,escavenger,US
739,Jennifer,US
740,Neil,GB
741,James,US
742,john,GB
743,Ryan,GB
744,Inkspace,US
745,Daniel,GB
746,Ben,GB
747,Randy,US
748,Michael,GB
749,Dallas,US
750,Albert,US
751,A,US
752,Joe,CA
753,Scott,US
754,Terrence,US
755,Jeremiah,US
756,Sean,US
757,Paul,US
758,Jose,US
759,Joshua,US
760,Marion,PH
761,Scott,US
762,Ben,HU
763,Daniel,US
764,Ran,GB
765,Firas,GB
766,Esau,ES
767,Tyler,US
768,Jason,US
769,jskala,US
770,Victor,ZA
771,Andy,GB
772,Sean,US
773,Dangerful,US
774,Andy,GB
775,Bryan,CA
776,thebasicwizard,GB
777,Dominic,US
778,PalverZ,US
779,Teagan,US
781,Jared,US
782,Borja,ES
783,Weston,US
784,Thomas,AT
785,Joel,US
786,Victor,US
787,Paul,NL
788,Jonathan,US
789,Julius,MY
790,Carlos,US
791,John,US
792,Ludo,ES
793,Nikola,BG
795,gabriel,BR
796,Virtual,AU
797,Cameron,US
798,Ross,GB
799,Ian,US
800,Mike,US
801,Ahmed,US
802,Christopher,US
803,Martin,NO
804,Neil,GB
805,Connor,GB
806,Richard,CA
807,Barrie,US
808,Samuel,GB
809,Patric,DE
810,Vinícius,BR
811,golazodave,AU
812,Cheryl,GB
813,Mike,US
814,Mark,US
815,UnstableVoltage,GB
816,Leslie,CA
817,Ben,US
818,Carla,US
819,Tim,US
820,Skevos,AU
821,Jason,US
822,Paul,GB
823,Stefan,US
824,Sambasiva,US
825,Antti,FI
826,DDW,US
827,Arnold,US
829,Brandon,US
830,Hunkerbull,US
831,Ian,US
832,Kyle,CA
833,Michael,DE
834,Joshua,CA
835,Devin,AU
836,Dale,AU
837,Azerothian,AU
838,Warren,CA
839,Jannis,DE
840,Ousama,QA
841,Milan,US
842,Gabriel,US
843,Larry,CA
844,Jesse,US
845,Stefan,AT
846,Olga,RU
847,AJ,US
848,Ijaz,US
849,Andy,US
850,Rencir,GR
851,Andrey,US
852,S.,US
853,Andrew,CA
854,Mert,TR
855,Paul,US
856,Woody,US
857,Marcel,NL
858,Kenneth,US
860,Jakob,DK
861,Echo,DE
862,Steffen,DE
863,Tim,GB
864,Tapasvi,US
865,Christopher,US
866,Imtiaz,US
867,Leonso,MX
868,Larry,US
869,Petter,SE
870,Miguel,ES
871,David,US
872,Matthew,US
873,Chris,US
874,Ken,US
875,David,CA
876,Sam,GB
877,Dan,US
878,Lignum,US
879,Simon,GB
880,Jeff,US
881,Rob,GB
882,Kevin,US
883,Lance,US
884,Ralph,US
885,Andreas,SE
886,Steve,CA
887,Gareth,GB
888,Brandon,US
889,Brandon,US
890,John,CA
891,Joshua,US
892,Mattias,SE
893,Elliot,US
894,Mekume,SE
896,Sean,US
897,Blake,AU
898,Dan,GB
899,Andrew,US
900,Duane,US
901,Jesper,DK
902,Eduardo,BR
903,Jonic,GB
904,Jeremy,US
905,India,US
906,Mark,US
907,Amanda,US
908,Josh,US
909,Kevin,US
911,Patrick,CA
912,Kyle,US
913,Pace,US
914,Chauncy,US
915,Steve,US
916,Gerwood,AU
917,Zroc,AU
918,Doug,US
919,Hamilton,US
920,Tj,US
921,Leslie,GB
922,Robert,US
923,Shannon,AU
924,Marijn,NL
925,Bob,IE
926,André,PT
927,Eduardo,ES
928,Jordan,AU
929,Gregory,US
930,kreza,GB
931,Ramon,ES
932,Julian,GB
933,Aapef,FR
934,Ryan,US
935,kevin,GB
936,thirdside,US
937,Abey,GB
939,Uniodle,GB
940,Keith,CA
941,Anthony,GB
942,Preben,NO
943,Sei,JP
944,Patrick,AU
945,Peter,SK
946,John,GB
947,Anya,US
948,Glenn,US
949,Dylan,GB
950,Juhani,FI
951,Enco87,SG
952,Matt,US
953,Alec,US
954,Roberto,US
955,Jared,CA
956,Bryan,US
957,Jacob,GB
958,Robert,US
959,Lyam,CA
960,Mark,US
961,Eric,US
962,Mathias,DE
963,Emanuele,IT
964,Doug,US
965,Markus,US
967,Per,SE
968,Thomas,GB
969,Alonso,MX
970,Mushy,GB
971,Nicholas,US
972,Josh,US
973,Quincey,AU
974,Micheal,US
975,Michael,US
976,Joselyn,US
977,Scott,US
978,Kevin,CA
979,John,US
980,keonip,US
981,Andrew,US
982,Stuart,GB
983,Mista,DE
984,Dane,US
985,Stephen,DE
986,Jeffrey,CA
987,Ismael,NI
988,Andrew,GB
989,Daniel,ES
990,Tom,GB
991,Alan,ES
992,Byung,KR
993,Tobias,DE
994,Ben,US
995,Steve,GB
996,Hector,MX
997,Tobias,DE
998,mookyung,US
999,Will,US
1000,Kieran,GB
1001,Jeremy,US
1002,Sean,US
1003,Matthew,CA
1004,Thomas,US
1005,Andrew,GB
1006,Mark,US
1007,Jason,US
1008,HAO,FR
1009,Taylor,US
1010,Matthew,US
1011,Gruftischlumpf,DE
1012,Wowbagger,SE
1013,Leviani,DE
1014,Jason,GB
1015,Jennifer,BE
1016,Peniel,US
1017,Wim,BE
1018,John,US
1019,Richard,GB
1020,Jana,US
1021,Jesse,US
1022,Alexis,US
1023,Riku,FI
1024,Doug,CA
1025,Marcos,BR
1026,Stefan,AT
1027,Alan,AU
1028,Peter,US
1029,Jiaxi,US
1030,Stuart,US
1031,Piotr,US
1032,John,US
1033,Aaron,CA
1034,Justin,US
1035,Joshua,US
1036,t0nel0c,US
1037,Spencer,US
1038,Elijah,CA
1039,Elijah,US
1040,Brett,AU
1041,Adam,GB
1042,TJ,GB
1043,Paul,GB
1044,Alex,US
1045,Jagmohann,IN
1046,Christine,GB
1047,Justin,GB
1048,Simon,FR
1049,Robert,PL
1050,Thomassie,CA
1051,David,SE
1052,Nino,DE
1053,Tommithy,IE
1054,Darren,GB
1055,Jageruu,US
1056,dipak,GB
1057,Christopher,US
1058,Tim,US
1059,Paul,GB
1060,Chris,CA
1061,Claus,DK
1062,Ruuqo,DE
1063,Alexander,GB
1064,Jeremy,US
1065,Luis,US
1066,Jared,GB
1067,Boisier,FR
1068,Paola,ES
1069,Kim,US
1070,Ben,US
1071,Caleb,US
1072,CF,US
1073,Cameron,US
1074,Joshua,US
1075,Frank,US
1076,Graeme,CA
1077,Gordon,GB
1078,Daniel,DE
1079,John,US
1080,William,GB
1081,Peter,SE
1082,Jenny,GB
1083,Simon,SE
1084,Sascha,DE
1085,Julian,GB
1086,Azmar,CA
1087,Greg,US
1088,Natacha,LU
1089,Kristen,US
1090,Michael,US
1091,Bastian,SE
1092,Doug,US
1093,Dragos,GB
1094,Ben,GB
1095,Nicolas,CL
1096,Mattia,IT
1097,Clancy,AU
1098,Pete,GB
1099,Zachary,US
1100,Jeremiah,US
1101,Sammy,HK
1102,dazalius,US
1103,Carl,US
1104,Heit_TV,US
1105,M,US
1106,Adam,US
1107,David,US
1108,Lance,US
1109,YJ,KR
1110,Wesley,US
1111,Liam,GB
1112,Isaac,GB
1113,Jack,GB
1114,Matt,US
1115,joscelyn,GB
1116,Jamie,NO
1117,Steph,AU
1118,Simon,MT
1119,Jacopo,IT
1120,Corinne,DK
1121,Mark,US
1122,Michael,DE
1123,Jordan,US
1124,Carlos,CO
1125,Aldo,MX
1126,Shawn,US
1127,Sean,US
1128,Ryan,CA
1129,Timothy,US
1130,Brad,AE
1131,Vincent,NL
1133,Connor,GB
1134,Coreen,US
1135,todro,DE
1136,Idil,TR
1137,Connarhea,GB
1138,Erik,US
1139,Richard,US
1140,Bhavan,US
1141,Tim,US
1142,ryan0110,US
1143,Zombie_Socks_96,US
1144,victor,US
1145,Tanner,US
1146,Andrew,US
1147,LaniK,US
1148,Purification,US
1149,Paul,US
1150,Tsükï-chan,MX
1151,Teja,IN
1152,Andreas,SE
1153,Steven,GB
1154,Briffaud,FR
1155,Victor,SE
1156,Kjell,SE
1157,Francisco,ES
1158,Damian,GB
1159,Richard,GB
1160,Adam,GB
1161,Hartmut,DE
1162,Martin,GB
1163,Margulan,KZ
1164,Bjørne,NO
1165,Markus,DE
1166,Bjørn,NO
1167,Baptiste,FR
1168,Ramon,US
1169,Chotsn,HK
1170,Oliver,GB
1171,Rob,GB
1172,Da,GB
1173,Katherine,CA
1174,Christian,US
1175,Jyh,AU
1176,Carsten,DE
1177,John,US
1178,Darren,GB
1179,zeuslot,US
1180,Zeus,CH
1181,Graham,GB
1182,Chris,NL
1183,Matthias,DE
1184,Lee,GB
1185,Ellusionist,US
1186,Alex,CA
1187,Kathryn,US
1188,Auer,AT
1189,Mikey,CA
1190,Stefan,CA
1191,Tony,US
1192,Jarrad,GB
1194,Zael,FI
1195,Mirco,DE
1196,Nicholas,US
1197,David,GB
1198,Gage,US
1199,Alejandro,ES
1200,Benjamin,US
1201,Jake,GB
1202,Sindre,NO
1203,Joe,US
1204,Sebastian,DE
1205,Trond,NO
1206,John,US
1207,Phuoc,DE
1208,Hector,ES
1209,Nicholas,US
1211,Janno,GB
1212,Tej,GB
1213,Derek,SG
1214,Brad,US
1215,Dan,GB
1216,Scott,US
1217,Bjorn,US
1218,John,US
1219,Ernie,US
1220,Elliot,AU
1221,André,BR
1222,Robert,NZ
1223,Sean,US
1224,Armiran,LU
1225,Leonardo,PH
1226,Leon,NL
1227,Allan,DK
1228,Dan,GB
1229,Laurin,CH
1230,Anderson,BR
1231,Igraine,GB
1232,Albert,ES
1233,Falcort,FR
1234,Brandon,US
1235,Daniele,CZ
1236,Gabriel,US
1237,L.,CA
1238,Michael,US
1239,Boxguy,US
1240,Stampy83,HR
1241,Cole,US
1242,Myles,PH
1243,Matt,US
1244,Quinn,US
1245,TopazPie,US
1246,Tyhr,CA
1247,Michael,FR
1248,Aleksandar,GB
1249,Thomas,GB
1250,Rob,GB
1251,Rob,NL
1252,AC,US
1253,Andreas,SE
1254,Grant,US
1255,Joshua,US
1256,Synt_x,GB
1257,Kecső,HU
1258,Lukáš,CZ
1259,Christopher,GB
1261,Kathryn,US
1262,Tuan,FI
1263,Matt,US
1264,Miles,US
1265,Kiko,US
1266,Jure,SI
1267,Henrik,SE
1268,Todd,CA
1269,Shawn,US
1270,Anthodev,FR
1271,incognitum,US
1272,Taya,US
1273,briguy168,US
1274,Anthony,US
1275,Daniel,GB
1276,Victor,AU
1277,Ruben,PT
1278,Audazzle,GB
1279,Dingo,US
1280,Damien,IE
1282,Jonathan,US
1283,Steven,GB
1284,David,ES
1285,Cornelius,NZ
1286,Martin,CA
1287,MicoyGordie,US
1288,Rachel,US
1289,MACattackROGI,US
1290,Jay,US
1291,Darren,US
1292,josator,GB
1293,Carlos,US
1294,Benjamin,US
1295,Craig,GB
1296,Garrett,CA
1297,David,AU
1298,Zachary,US
1299,Stuart,AU
1300,Jennifer,US
1301,Andy,AU
1302,Russell,AU
1303,Abdulla,BH
1304,Alex,NZ
1305,Denis,US
1306,Cody,CA
1307,John,US
1308,Mr.,US
1309,Heather,AU
1310,Runey,AU
1311,Dea,US
1312,Matthew,US
1313,Daniel,AU
1314,Abdullah,SA
1315,mxb,LI
1316,Jason,AU
1317,Ranger58,AU
1318,Randy,CA
1319,JABenson,US
1320,Jackalgirl,US
1321,Tattoo,US
1322,Alan,US
1323,smp1re,BE
1324,Matt,US
1325,Benjamin,US
1326,Derik,US
1327,Mike,US
1328,Jeffrey,US
1329,Mika,FI
1330,Rayner,SG
1331,Patrick,DE
1332,Martin,SK
1333,Doug,GB
1334,Tamarinen,SE
1335,Moritz,AT
1336,Even,NO
1337,Rik,GB
1338,Reinhard,DE
1339,Ciaran,IE
1340,Daniel,GB
1341,mrklotz,AT
1342,Andrew,GB
1343,Marcus,NZ
1345,Sandy,AU
1346,Nathan,GB
1347,Graeme,AU
1348,Tom,FR
1349,Daryl,AU
1350,Andy,US
1351,Jason,IE
1352,Adrienne,US
1353,Anthony,AU
1354,Chau,ID
1355,Mathew,AU
1356,JJ,AU
1357,Brian,US
1358,Bernd,DE
1359,Ulrich,DE
1360,HCL,GB
1361,Oliver,CH
1362,Neil,GB
1363,Peter,US
1364,Claire,GB
1365,Aki,US
1366,Ry,GB
1367,Jesus,MX
1368,Annie,US
1369,Bryce,US
1370,Justin,US
1372,Tony,CA
1373,Andrew,US
1374,Terence,CA
1375,David,US
1376,Adrian,AU
1377,Stephen,GB
1378,Manuel,US
1379,Bill,US
1380,Alykhan,GB
1381,Nathan,US
1382,Daniel,SE
1383,Ivar,EE
1384,Cameron,AU
1385,Albert,US
1386,Iain,GB
1387,Rayen,NL
1388,Joerg,DE
1389,TheInkAdept,IT
1390,Shelley,AU
1391,pataky42,US
1392,Karl,GB
1394,Mar_Lard,FR
1395,Edward,US
1396,Ian,GB
1397,Arlo,US
1398,ILAN,IL
1399,Maria,ES
1400,Vincent,US
1401,Eric,US
1402,Sara,ES
1403,Lance,US
1404,Robert,NO
1405,Bryan,US
1406,Tadhg,IE
1407,Kotaro,JP
1408,June,US
1409,Darren,GB
1410,Syed,PK
1411,Aaron,US
1413,Jonas,BE
1414,Bill,CA
1415,Masahiro,JP
1416,Tim,US
1417,Junji,US
1418,Steven,CA
1419,Daniel,US
1420,Frank,US
1421,Jake,CA
1422,James,US
1423,Alex,US
1424,Jens,DE
1425,Roy,NO
1426,Matth,US
1428,Jacob,US
1429,Mathias,NO
1430,Alex,GB
1431,Stephen,HK
1432,Kaj,SE
1433,Zachary,CA
1434,Mark,US
1435,Vyse,DE
1436,Mansur,IN
1437,Guido,DE
1438,Ben,US
1439,Zach,US
1440,Don,US
1441,David,CA
1442,David,GB
1443,Simon,SE
1444,Glenn,NO
1445,Jon,US
1446,Luke,GB
1447,Daniel,GB
1448,Salvatore,US
1449,Kyle,US
1450,Zafer,TR
1451,Andrew,CA
1452,Chad,US
1453,Adam,GB
1454,Magnus,DK
1455,Willem,NL
1456,Erick,US
1457,Mario,ES
1458,Gavin,GB
1459,Daniel,US
1460,Gavin,IE
1461,Eric,US
1462,Gunnar,SE
1463,Zed,BH
1464,Aditya,FI
1465,Cary,US
1466,Parikshit,US
1467,David,US
1468,Heckttor,US
1469,Greg,US
1470,Jan,DE
1471,Stephen,US
1472,Tan,SG
1473,Russell,US
1474,Martin,CA
1475,Brent,CA
1476,Jose,GT
1477,Martin,UY
1478,Simon,AU
1479,Troy,AU
1480,William,US
1481,Sam,AU
1482,Max,US
1483,Dan,US
1484,Ophis,CA
1485,Charles,US
1486,Graeme,CA
1487,Andrew,US
1488,James,US
1489,Carl,US
1490,Branden,US
1491,Samuel,US
1492,Carl,US
1493,Mhee,TH
1494,Abigail,US
1495,Greg,US
1496,Tony,US
1497,Vince,US
1498,SomethingSketchy,US
1499,noahtaber,US
1500,Michael,US
1501,Tim,NZ
1502,J,US
1503,ksuser5,US
1504,John,US
1505,David,US
1506,MightyKiwi,RU
1507,L,GB
1508,Jeff,US
1509,Bill,US
1510,Khalil,US
1511,Corwin,US
1512,Markus,DE
1513,Jeroen,NL
1514,Silkjade,AU
1515,Mats,SE
1516,Leroy,GB
1517,Mateusz,PL
1518,Graham,GB
1519,Graham,US
1520,Andrew,GB
1521,Oleg,RU
1522,Stalk,DE
1523,Derrick,US
1524,Beezhan,US
1525,Justin,US
1526,Heath,US
1527,Benjamin,AU
1528,Brard,FR
1529,Andrea,IT
1530,Greg,AU
1531,phillip,GB
1532,Mike,US
1533,Azmodan,AT
1534,Illusive,AU
1535,Evaristo,US
1536,Juvez,FI
1537,Mark,GB
1538,Taras,DE
1539,Alistair,GB
1540,Nextnx,DK
1541,Mafs,NO
1542,Eduardo,ES
1543,Suhaib,GB
1544,Emma,GB
1545,Tuan,AU
1546,Jonaso,NL
1547,Gordon,DE
1548,Taemtha,US
1549,Alexander,AU
1550,Zarif,MY
1551,Atoramos,US
1552,Paolo,IT
1553,Gryphius,CH
1554,Eylen,ES
1555,Dusten,US
1556,James,GB
1557,Lim,SG
1558,Peter,GB
1559,Phillip,US
1560,David,GB
1561,Yagiz,CH
1562,Stuart,GB
1563,MoCap,DE
1564,Hin,US
1565,Nir,IL
1566,Ingeniero,CO
1567,Sharad,US
1568,Milan,CZ
1569,Spenser,US
1570,Jeffrey,US
1571,Josh,GB
1572,Diego,MX
1573,Jacky,HK
1574,Koos,NL
1575,Kurt,US
1576,Carlos,US
1577,Matti,FI
1578,Idan,IL
1579,Michael,US
1580,Henry,SG
1581,Rémy,FR
1582,Jason,US
1583,David,US
1584,Tristan,US
1585,Stephen,AU
1586,Morten,DK
1587,Zavi,US
1588,Charles,US
1589,MantisGhost,PL
1590,Ben,GB
1591,Kalus,DE
1592,Jan,DE
1593,q-bit,CA
1594,Alexander,AT
1595,Jonas,SE
1596,SilverShoe,US
1597,Robin,NL
1598,Horacio,US
1599,Anthony,US
1600,Gianluca,IT
1601,Barbara,US
1602,Joseph,US
1603,Shavant,US
1604,Ray,US
1605,Herwig,DE
1606,Leslie,FR
1607,Guillermo,GB
1608,mr_carl,SE
1609,Alice,US
1610,Martin,AT
1611,rangan,IN
1612,Eric,MY
1613,MatthewD,US
1614,Carson,US
1615,Stefan,DE
1616,Jason,US
1617,LadyTeelia,US
1618,Al,US
1619,Simon,GB
1620,asdert,AT
1621,Chris,GB
1622,Adrian,US
1623,Edward,CA
1625,Blade,US
1626,Llorenç,ES
1627,Joh.Lummel,DE
1628,Ray,NL
1629,sato7,US
1630,Scott,CA
1631,Eduardo,DE
1632,Brad,CA
1633,KickMe,US
1634,James,US
1635,Zachary,US
1636,Tia,FI
1637,Gregg,US
1638,Pierre-Luc,CA
1639,Nateva2002,US
1640,Thomas,DE
1641,Julia,US
1642,Stuart,CA
1643,Edgar,US
1644,Bevan,GB
1645,Philip,US
1646,Johan,SE
1647,Bruce,US
1648,Brian,US
1649,Tomas,CZ
1650,Anwar,ZA
1651,Bogdan,GB
1652,Stuart,GB
1653,Jeremy,US
1654,Kurt,SE
1655,Facundo,ES
